,Model,Data,Accuracy,Precision,Recall,Negative Recall,F1 Score
0,model,train,0.9984825253486633,1.0,1.0,1.0,0.9989440337909187
1,model,test,0.859649121761322,0.8604651162790697,0.8604651162790697,0.6666666666666666,0.9024390243902439
