,Model,Data,Accuracy,Precision,Recall,Negative Recall,F1 Score
0,model,train,0.9846625924110413,0.9789029535864979,0.9789029535864979,0.9468085106382979,0.9893390191897655
1,model,test,0.7538461685180664,0.84,0.84,0.4666666666666667,0.8399999999999999
