,Model,Data,Accuracy,Precision,Recall,Negative Recall,F1 Score
0,model,train,0.978787899017334,0.973305954825462,0.973305954825462,0.9297297297297298,0.9854469854469855
1,model,test,0.8214285969734192,0.85,0.85,0.6666666666666666,0.8717948717948718
