,Model,Data,Accuracy,Precision,Recall,Negative Recall,F1 Score
0,model,train,0.9833585619926453,0.9935760171306209,0.9935760171306209,0.9841269841269841,0.9882854100106496
1,model,test,0.6964285969734192,0.8378378378378378,0.8378378378378378,0.5714285714285714,0.7848101265822786
