,Model,Data,Accuracy,Precision,Recall,Negative Recall,F1 Score
0,model,train,0.9803328514099121,0.9915254237288136,0.9915254237288136,0.9782608695652174,0.9863013698630136
1,model,test,0.8181818127632141,0.825,0.825,0.631578947368421,0.8684210526315789
