,Model,Data,Accuracy,Precision,Recall,Negative Recall,F1 Score
0,model,train,0.9939849376678467,0.9936842105263158,0.9936842105263158,0.984375,0.9957805907172996
1,model,test,0.7307692170143127,0.8461538461538461,0.8461538461538461,0.45454545454545453,0.8250000000000001
