,Model,Data,Accuracy,Precision,Recall,Negative Recall,F1 Score
0,model,train,0.9799072742462158,0.9787685774946921,0.9787685774946921,0.9453551912568307,0.9860962566844921
1,model,test,0.8840579986572266,0.9555555555555556,0.9555555555555556,0.9,0.9148936170212767
