,Model,Data,Accuracy,Precision,Recall,Negative Recall,F1 Score
0,model,train,0.9758307933807373,0.9711934156378601,0.9711934156378601,0.925531914893617,0.9833333333333334
1,model,test,0.8363636136054993,0.918918918918919,0.918918918918919,0.8,0.8831168831168831
