,Model,Data,Accuracy,Precision,Recall,Negative Recall,F1 Score
0,model,train,0.572273850440979,0.5622241835834069,0.9845440494590417,0.07462686567164178,0.7157303370786516
1,model,test,0.5559265613555908,0.5548986486486487,0.9924471299093656,0.016791044776119403,0.7118093174431203
2,model,train,0.5209731459617615,0.6084656084656085,0.35222052067381315,0.725417439703154,0.4461687681862269
3,model,test,0.5613747835159302,0.6478555304740407,0.4302848575712144,0.7189189189189189,0.5171171171171172
