,Model,Data,Accuracy,Precision,Recall,Negative Recall,F1 Score
0,model,train,0.9831546545028687,0.9791231732776617,0.9791231732776617,0.9453551912568307,0.98840885142255
1,model,test,0.8730158805847168,0.8888888888888888,0.8888888888888888,0.75,0.9090909090909092
