,Model,Data,Accuracy,Precision,Recall,Negative Recall,F1 Score
0,model,train,0.9550225138664246,0.9911894273127754,0.9911894273127754,0.9790575916230366,0.967741935483871
1,model,test,0.8999999761581421,0.9714285714285714,0.9714285714285714,0.9166666666666666,0.9315068493150684
