,Model,Data,Accuracy,Precision,Recall,Negative Recall,F1 Score
0,model,train,0.9909090995788574,0.9915433403805497,0.9915433403805497,0.9788359788359788,0.9936440677966103
1,model,test,0.7857142686843872,0.8947368421052632,0.8947368421052632,0.7142857142857143,0.8500000000000001
