,Model,Data,Accuracy,Precision,Recall,Negative Recall,F1 Score
0,model,train,0.9722650051116943,0.9828326180257511,0.9828326180257511,0.9558011049723757,0.9807280513918629
1,model,test,0.8823529481887817,0.88,0.88,0.7272727272727273,0.9166666666666666
