,Model,Data,Accuracy,Precision,Recall,Negative Recall,F1 Score
0,model,train,0.572273850440979,0.5622241835834069,0.9845440494590417,0.07462686567164178,0.7157303370786516
1,model,test,0.5559265613555908,0.5548986486486487,0.9924471299093656,0.016791044776119403,0.7118093174431203
2,model,train,0.5209731459617615,0.6084656084656085,0.35222052067381315,0.725417439703154,0.4461687681862269
3,model,test,0.5613747835159302,0.6478555304740407,0.4302848575712144,0.7189189189189189,0.5171171171171172
4,model,train,0.5878734588623047,0.5845881310894597,1.0,0.01882845188284519,0.737842370039128
5,model,test,0.5678907036781311,0.5625546806649169,0.9907550077041603,0.0421455938697318,0.7176339285714286
6,model,train,0.5717862844467163,0.5814220183486238,0.7740458015267175,0.3278084714548803,0.6640471512770137
7,model,test,0.5749574303627014,0.5888268156424581,0.8009118541033434,0.2868217054263566,0.678686413393432
