,Model,Data,Accuracy,Precision,Recall,Negative Recall,F1 Score
0,model,train,0.989313006401062,0.9957173447537473,0.9957173447537473,0.9891891891891892,0.9925293489861259
1,model,test,0.9016393423080444,0.8936170212765957,0.8936170212765957,0.7222222222222222,0.9333333333333332
