,Model,Data,Accuracy,Precision,Recall,Negative Recall,F1 Score
0,model,train,0.9954407215118408,0.9936575052854123,0.9936575052854123,0.9840425531914894,0.9968186638388122
1,model,test,0.8644067645072937,0.8913043478260869,0.8913043478260869,0.6666666666666666,0.9111111111111111
