,Model,Data,Accuracy,Precision,Recall,Negative Recall,F1 Score
0,model,train,0.9969512224197388,0.9978448275862069,0.9978448275862069,0.9947916666666666,0.9978448275862069
1,model,test,0.800000011920929,0.8936170212765957,0.8936170212765957,0.5454545454545454,0.875
