,Model,Data,Accuracy,Precision,Recall,Negative Recall,F1 Score
0,model,train,0.9938837885856628,0.9937238493723849,0.9937238493723849,0.9831460674157303,0.9958071278825995
1,model,test,0.8253968358039856,0.8292682926829268,0.8292682926829268,0.72,0.860759493670886
