,Model,Data,Accuracy,Precision,Recall,Negative Recall,F1 Score
0,model,train,0.9984615445137024,1.0,1.0,1.0,0.9989235737351991
1,model,test,0.8636363744735718,0.8823529411764706,0.8823529411764706,0.6666666666666666,0.9090909090909091
