,Model,Data,Accuracy,Precision,Recall,Negative Recall,F1 Score
0,model,train,0.9894419312477112,0.9855072463768116,0.9855072463768116,0.9625668449197861,0.9927007299270074
1,model,test,0.8703703880310059,0.8780487804878049,0.8780487804878049,0.6875,0.9113924050632912
