,Model,Data,Accuracy,Precision,Recall,Negative Recall,F1 Score
0,model,train,0.9984917044639587,0.997907949790795,0.997907949790795,0.9946236559139785,0.9989528795811519
1,model,test,0.698113203048706,0.7941176470588235,0.7941176470588235,0.5882352941176471,0.7714285714285715
