,Model,Data,Accuracy,Precision,Recall,Negative Recall,F1 Score
0,model,train,0.9752321839332581,0.9723404255319149,0.9723404255319149,0.9301075268817204,0.9827956989247313
1,model,test,0.8169013857841492,0.8727272727272727,0.8727272727272727,0.5882352941176471,0.8807339449541284
