,Model,Data,Accuracy,Precision,Recall,Negative Recall,F1 Score
0,model,train,0.9984685778617859,1.0,1.0,1.0,0.9989212513484358
1,model,test,0.7142857313156128,0.8974358974358975,0.8974358974358975,0.7142857142857143,0.7954545454545455
