,Model,Data,Accuracy,Precision,Recall,Negative Recall,F1 Score
0,model,train,0.9771341681480408,0.973305954825462,0.973305954825462,0.9277777777777778,0.984423676012461
1,model,test,0.7377049326896667,0.775,0.775,0.6086956521739131,0.7948717948717949
