,Model,Data,Accuracy,Precision,Recall,Negative Recall,F1 Score
0,model,train,0.9908952713012695,0.9894957983193278,0.9894957983193278,0.9732620320855615,0.9936708860759494
1,model,test,0.859649121761322,0.8837209302325582,0.8837209302325582,0.6875,0.9047619047619047
