,Model,Data,Accuracy,Precision,Recall,Negative Recall,F1 Score
0,model,train,0.9831804037094116,0.9956709956709957,0.9956709956709957,0.9891891891891892,0.9881847475832438
1,model,test,0.8730158805847168,0.8627450980392157,0.8627450980392157,0.6111111111111112,0.9166666666666665
