,Model,Data,Accuracy,Precision,Recall,Negative Recall,F1 Score
0,model,train,0.5195530652999878,0.5380434782608695,0.5380434782608695,0.7625698324022346,0.36531365313653136
1,model,test,0.47905027866363525,0.46511627906976744,0.46511627906976744,0.6787709497206704,0.34904013961605584
