,Model,Train RMSE,Test RMSE
0,Model_enddays,0.3432350493636046,0.6900186529996137
