,Model,Data,Accuracy,Precision,Recall,Negative Recall,F1 Score
0,model,train,0.9860334992408752,0.9921259842519685,0.9921259842519685,0.9805825242718447,0.9901768172888017
1,model,test,0.7374301552772522,0.8091603053435115,0.8091603053435115,0.5098039215686274,0.8185328185328186
