,Model,Train RMSE,Test RMSE
0,Model_enddays,0.35624994376827096,1.544984499277571
