,Model,Data,Accuracy,Precision,Recall,Negative Recall,F1 Score
0,model,train,1.0,1.0,1.0,1.0,1.0
1,model,test,0.5901639461517334,0.7241379310344828,0.7241379310344828,0.6521739130434783,0.6268656716417911
